{"count":1,"self":8007.2228864,"total":10103.090016,"children":{"InitializeActuators":{"count":1,"self":0.0010002,"total":0.0010002,"children":null},"InitializeSensors":{"count":1,"self":0.0020003,"total":0.0020003,"children":null},"AgentSendState":{"count":505001,"self":15.080363199999999,"total":30.010719299999998,"children":{"CollectObservations":{"count":505001,"self":9.4444608,"total":9.4444603999999988,"children":null},"WriteActionMask":{"count":505001,"self":0.21082859999999998,"total":0.21082859999999998,"children":null},"RequestDecision":{"count":505001,"self":0.5334168,"total":5.275067,"children":{"AgentInfo.ToProto":{"count":505001,"self":1.1201273999999999,"total":4.7416502,"children":{"GenerateSensorData":{"count":505001,"self":3.6215227999999997,"total":3.6215227999999997,"children":null}}}}}}},"DecideAction":{"count":505001,"self":2064.6836224,"total":2064.6837175,"children":null},"AgentAct":{"count":505001,"self":1.0848788,"total":1.0848788,"children":null},"AgentInfo.ToProto":{"count":8415,"self":0.032423299999999995,"total":0.082443,"children":{"GenerateSensorData":{"count":8415,"self":0.0500197,"total":0.0500197,"children":null}}}},"gauges":{"ArcadeDriver.CumulativeReward":{"count":8415,"max":25.6235027,"min":-4.745169,"runningAverage":1.15640569,"value":1.39519668,"weightedAverage":1.1173209}},"metadata":{"timer_format_version":"0.1.0","start_time_seconds":"1691362526","unity_version":"2021.3.26f1","command_line_arguments":"C:\\Users\\USER\\PycharmProjects\\RL_Unity_reinforcement_learning_compare algorithms\\python_code\\..\/envs\/MyKartNormal\/MyKartNormal.exe --mlagents-port 5005","communication_protocol_version":"1.5.0","com.unity.ml-agents_version":"2.0.1","scene_name":"KartSceneNormal","end_time_seconds":"1691372629"}}